[
  {
    "Publisher": "Reader's Zone",
    "Title": "Junior Level Books",
    "AuthorLastName": "Garg",
    "AuthorFirstName": "Amit",
    "Price": 225,
    "MLA": "https://images.app.goo.gl/YkFgbSGiPmie9GgWA",
    "CMS": "https://images.app.goo.gl/w3SRpg2ZFsXewdAj7"
  },
  {
    "Publisher": "MCA Department",
    "Title": "Publish News Letter",
    "AuthorLastName": "Garg",
    "AuthorFirstName": "Amit",
    "Price": 600,
    "MLA": "https://images.app.goo.gl/YkFgbSGiPmie9GgWA",
    "CMS": "https://images.app.goo.gl/w3SRpg2ZFsXewdAj7"
  },
  {
    "Publisher": "Sun India Publications",
    "Title": "Client Server Computing",
    "AuthorLastName": "Kumar",
    "AuthorFirstName": "Lalit",
    "Price": 300,
    "MLA": "https://images.app.goo.gl/YkFgbSGiPmie9GgWA",
    "CMS": "https://images.app.goo.gl/w3SRpg2ZFsXewdAj7"
  },
  {
    "Publisher": "K Nath & Sons",
    "Title": "Mobile Computing",
    "AuthorLastName": "Vinay",
    "AuthorFirstName": "Kumar",
    "Price": 420,
    "MLA": "https://images.app.goo.gl/YkFgbSGiPmie9GgWA",
    "CMS": "https://images.app.goo.gl/w3SRpg2ZFsXewdAj7"
  },
  {
    "Publisher": "Thakur Publications Lucknow",
    "Title": "Data Structure Using C",
    "AuthorLastName": "Verma",
    "AuthorFirstName": "Sharad",
    "Price": 300,
    "MLA": "https://images.app.goo.gl/YkFgbSGiPmie9GgWA",
    "CMS": "https://images.app.goo.gl/w3SRpg2ZFsXewdAj7"
  }
]